id,sequence,primer,origin
D15_ME_1,CGAGTAAT,i7,tagmentation
D15_ME_2,TCTCCGGA,i7,tagmentation
D15_ME_3,AATGAGCG,i7,tagmentation
D15_ME_4,GGAATCTC,i7,tagmentation
D15_ME_5,TTCTGAAT,i7,tagmentation
D15_ME_6,ACGAATTC,i7,tagmentation
D15_ME_7,AGCTTCAG,i7,tagmentation
D15_ME_8,GCGCATTA,i7,tagmentation
D15_ME_9,CATAGCCG,i7,tagmentation
D15_ME_10,TTCGCGGA,i7,tagmentation
D15_ME_11,GCGCGAGA,i7,tagmentation
D15_ME_12,CTATCGCT,i7,tagmentation
C15_ME_1,TATAGCCT,i5,tagmentation
C15_ME_2,ATAGAGGC,i5,tagmentation
C15_ME_3,CCTATCCT,i5,tagmentation
C15_ME_4,GGCTCTGA,i5,tagmentation
C15_ME_5,AGGCGAAG,i5,tagmentation
C15_ME_6,TAATCTTA,i5,tagmentation
C15_ME_7,CAGGACGT,i5,tagmentation
C15_ME_8,GTACTGAC,i5,tagmentation
N701,TCGCCTTA,i7,PCR
N702,CTAGTACG,i7,PCR
N703,TTCTGCCT,i7,PCR
N704,GCTCAGGA,i7,PCR
N705,AGGAGTCC,i7,PCR
N706,CATGCCTA,i7,PCR
N707,GTAGAGAG,i7,PCR
N710,CAGCCTCG,i7,PCR
N711,TGCCTCTT,i7,PCR
N712,TCCTCTAC,i7,PCR
N714,TCATGAGC,i7,PCR
N715,CCTGAGAT,i7,PCR
N716,TAGCGAGT,i7,PCR
N718,GTAGCTCC,i7,PCR
N719,TACTACGC,i7,PCR
N721,GCAGCGTA,i7,PCR
N722,CTGCGCAT,i7,PCR
N723,GAGCGCTA,i7,PCR
N724,CGCTCAGT,i7,PCR
N726,GTCTTAGG,i7,PCR
N727,ACTGATCG,i7,PCR
N728,TAGCTGCA,i7,PCR
N729,GACGTCGA,i7,PCR
X730,TACCAGAG,i7,PCR
X731,GGATGGAA,i7,PCR
X732,ATTGAGGC,i7,PCR
X733,CGGATAGA,i7,PCR
X734,TGGTAGAC,i7,PCR
X735,ACCTGGTT,i7,PCR
X736,CAGTTCTG,i7,PCR
X737,TCGAACGT,i7,PCR
X738,CGTTGCTT,i7,PCR
X739,TACCGTTC,i7,PCR
X740,TAGGTTGC,i7,PCR
X741,GAGGCTAA,i7,PCR
X742,CGACCATA,i7,PCR
X743,AGGCAGTA,i7,PCR
X744,ATCAAGCG,i7,PCR
X745,CATTGAAG,i7,PCR
X746,CGACTTAT,i7,PCR
X747,TCTATACG,i7,PCR
X748,AGCATTAG,i7,PCR
X749,AATTGGCA,i7,PCR
X750,AGATTCGT,i7,PCR
X751,TTCATGAC,i7,PCR
X752,TGAACTTG,i7,PCR
X753,ATGGCATA,i7,PCR
X754,CGTAATTC,i7,PCR
S502,CTCTCTAT,i5,PCR
S503,TATCCTCT,i5,PCR
S505,GTAAGGAG,i5,PCR
S506,ACTGCATA,i5,PCR
S507,AAGGAGTA,i5,PCR
S508,CTAAGCCT,i5,PCR
S510,CGTCTAAT,i5,PCR
S511,TCTCTCCG,i5,PCR
X512,TCGACTAG,i5,PCR
X513,TTCTAGCT,i5,PCR
X514,CCTAGAGT,i5,PCR
X515,GCGTAAGA,i5,PCR
X516,AAGGCTAT,i5,PCR
X517,GAGCCTTA,i5,PCR
X518,TTATGCGA,i5,PCR
X519,ATCTGAGT,i5,PCR
X520,GGATACTA,i5,PCR
X521,TAAGATCC,i5,PCR
X522,AAGAGATG,i5,PCR
X523,AATGACGT,i5,PCR
X524,GAAGTATG,i5,PCR
X525,ATAGCCTT,i5,PCR
X526,TTGGAAGT,i5,PCR
X527,ATTCGTTG,i5,PCR
X528,AGGATAAC,i5,PCR
X529,TTCATCCA,i5,PCR
X530,AACGAACG,i5,PCR
X531,TGCCTTAC,i5,PCR
X532,CGAATTCC,i5,PCR
X533,GGTTAGAC,i5,PCR
X534,TCCGGTAA,i5,PCR
X535,TTACGACC,i5,PCR